Cx_mean,Eff_prop,Eff_wg
0.031446115683981625,1.6776184963168317,0
