Cx_mean,Eff_prop,Eff_wg
0.026955228102275842,1.4380341817495816,0
