Sref,CXmoy,CZmoy,CMmoy,CPowerXmoy,CPowerMmoy,Eff
0.164,0.011097,-0.277797,0.011795,0.011097,-1e-06,-0.06834809395456287
