Cx_mean,Eff_prop,Eff_wg
0.007085584858267427,0.6870269278052867,0
