Cx_mean,Eff_prop,Eff_wg
0.008642031600163995,0.8379418973903405,0
