Cx_mean,Eff_prop,Eff_wg
0.012843090897212079,0.9369974600644789,0
