Cx_mean,Eff_prop,Eff_wg
0.01029079806483281,0.7507890215803065,0
