Sref,CXmoy,CZmoy,CMmoy,CPowerXmoy,CPowerMmoy,Eff
0.164,0.00688,-0.276877,0.010004,0.006881,1.2e-05,0.42766666666666664
