Sref,CXmoy,CZmoy,CMmoy,CPowerXmoy,CPowerMmoy,Eff
0.164,0.023347,-0.205681,0.005143,0.023346,-0.0,-0.9455833333333332
