Cx_mean,Eff_prop,Eff_wg
0.008414781802238838,0.7003623457080296,0
