Cx_mean,Eff_prop,Eff_wg
0.010439496548469923,0.8688793675852645,0
