Sref,CXmoy,CZmoy,CMmoy,CPowerXmoy,CPowerMmoy,Eff
0.164,0.012516,-0.24573,0.011936,0.012517,5e-05,-0.2000385059684251
