Cx_mean,Eff_prop,Eff_wg
0.01564654341045923,1.0167865020445113,0
