Cx_mean,Eff_prop,Eff_wg
0.012507362410118112,0.8127876516346652,0
