Sref,CXmoy,CZmoy,CMmoy,CPowerXmoy,CPowerMmoy,Eff
0.164,0.009744,-0.262393,0.010449,0.009745,1.6e-05,0.18933333333333346
