Sref,CXmoy,CZmoy,CMmoy,CPowerXmoy,CPowerMmoy,Eff
0.164,0.008767,-0.274566,0.008501,0.008767,1.7e-05,0.15768194070080854
