Sref,CXmoy,CZmoy,CMmoy,CPowerXmoy,CPowerMmoy,Eff
0.164,0.009423,-0.281775,0.011239,0.009424,2e-06,0.21491666666666664
