Cx_mean,Eff_prop,Eff_wg
0.007768061440448349,0.9029432857882833,0
