Cx_mean,Eff_prop,Eff_wg
0.006620572621072645,0.7695615749308812,0
