Cx_mean,Eff_prop,Eff_wg
0.01982243683286806,1.1617753501835322,0
