Cx_mean,Eff_prop,Eff_wg
0.016037057582751438,0.9399176471694565,0
