Sref,CXmoy,CZmoy,CMmoy,CPowerXmoy,CPowerMmoy,Eff
0.164,0.008803,-0.276716,0.010344,0.008804,5e-06,0.26683333333333337
