Sref,Cx_mean,Cz_mean,Cm_mean,CPx_mean,CPp_mean,Eff_wg,CPh_mean,Eff_prop
0.164,0.008803,-0.276716,0.010344,0.008804,5e-06,0.2668333333333333,0.0110042032530843,-0.7996037313175939
