Cx_mean,Cz_mean,Cm_mean,CPp_mean,CPh_mean,Eff_wg,Eff_prop
0.008642031600163995,-0.23360198825395403,0.008975246905166786,-7.691505651457906e-05,0.010390317008461918,None,-0.8379418973903405
