Cx_mean,Eff_prop,Eff_wg
0.052057634121609124,2.3593508503878597,0
