Cx_mean,Eff_prop,Eff_wg
0.04597779963128401,2.083801203981405,0
