Sref,Cx_mean,Cz_mean,Cm_mean,CPx_mean,CPp_mean,Eff_wg,CPh_mean,Eff_prop
0.164,0.052359,-0.139298,-0.008296,0.052355,-1.3e-05,-3.3643333333333336,0.0186235419228716,-2.813405446063498
