Sref,CXmoy,CZmoy,CMmoy,CPowerXmoy,CPowerMmoy,Eff
0.164,0.052359,-0.139298,-0.008296,0.052355,-1.3e-05,-3.3643333333333336
