Cx_mean,Eff_prop,Eff_wg
0.007818523288489558,1.5166887078978932,
