Cx_mean,Eff_prop,Eff_wg
0.008326026508264521,1.6151375292741368,
