Cx_mean,Eff_prop,Eff_wg
0.043267728443446084,2.1194650848900474,0
