Cx_mean,Eff_prop,Eff_wg
0.03801202244833746,1.8620148846180398,0
