Sref,CXmoy,CZmoy,CMmoy,CPowerXmoy,CPowerMmoy,Eff
0.164,0.011347,-0.251271,0.010871,0.011348,2.5e-05,0.056500000000000106
