Sref,CXmoy,CZmoy,CMmoy,CPowerXmoy,CPowerMmoy,Eff
0.164,0.014658,-0.224226,0.012957,0.014659,7.4e-05,-0.40392760877936085
