Cx_mean,Eff_prop,Eff_wg
0.006943354493297803,1.008660103944733,0
