Cx_mean,Eff_prop,Eff_wg
0.007741195471966308,1.1245623476299635,0
