Sref,CXmoy,CZmoy,CMmoy,CPowerXmoy,CPowerMmoy,Eff
0.164,0.010204,-0.255019,0.012485,0.010205,4e-05,0.021563342318059342
